Rater1,Rater2
necessary technical explanation or resouce,necessary technical explanation or resouce
necessary technical explanation or resouce,necessary technical explanation or resouce
necessary technical explanation or resouce,necessary technical explanation or resouce
necessary technical explanation or resouce,necessary technical explanation or resouce
,
,
,
necessary technical explanation or resouce,necessary technical explanation or resouce
solution conditions - environment,necessary technical explanation or resouce
,
,
necessary technical explanation or resouce,necessary technical explanation or resouce
,
other,other
,
,
solution - suggest programming language,necessary technical explanation or resouce
solution - other,necessary technical explanation or resouce
,
solution conditions - other,solution - suggest API/library/framework
solution conditions - other,solution - suggest programming language
,
necessary technical explanation or resouce,necessary technical explanation or resouce
,
necessary technical explanation or resouce,necessary technical explanation or resouce
necessary technical explanation or resouce,necessary technical explanation or resouce
,
,
,
,
necessary technical explanation or resouce,necessary technical explanation or resouce
,
necessary technical explanation or resouce,necessary technical explanation or resouce
,
,
,
,
necessary technical explanation or resouce,necessary technical explanation or resouce
