Rater2,Rater3
,
,
necessary technical explanation or resouce,necessary technical explanation or resouce
solution - other,solution - own experience
solution - other,solution - own experience
,
,
,
necessary technical explanation or resouce,necessary technical explanation or resouce
necessary technical explanation or resouce,necessary technical explanation or resouce
,
necessary technical explanation or resouce,necessary technical explanation or resouce
,
,
,
,
,
,
necessary technical explanation or resouce,necessary technical explanation or resouce
solution conditions - environment,solution conditions - environment
solution - suggest API/library/framework,solution - suggest API/library/framework
necessary technical explanation or resouce,necessary technical explanation or resouce
,
solution - suggest API/library/framework,solution conditions - environment
,
necessary technical explanation or resouce,necessary technical explanation or resouce
,
necessary technical explanation or resouce,necessary technical explanation or resouce
necessary technical explanation or resouce,necessary technical explanation or resouce
necessary technical explanation or resouce,solution - suggest API/library/framework
solution - suggest API/library/framework,solution - suggest API/library/framework
solution conditions - other,solution - other
,
,
necessary technical explanation or resouce,necessary technical explanation or resouce
necessary technical explanation or resouce,necessary technical explanation or resouce
,
necessary technical explanation or resouce,necessary technical explanation or resouce
